pocket_id,center_x,center_y,center_z,size_x,size_y,size_z,n_points
1,2.436,65.178,42.279,10.791,12.439,12.153,46
2,-15.065,80.828,62.142,6.651,14.259,9.157,26
3,4.667,49.655,-32.5,5.929,14.249,7.709,22
4,-18.108,59.567,83.567,5.96,6.843,11.758,16
5,-5.572,81.297,62.483,4.649,5.498,6.746,18
6,-6.254,71.298,-46.28,13.57,8.933,7.612,26
7,-5.698,52.103,-5.318,6.005,6.263,5.984,23
8,-5.011,49.71,-32.681,4.57,5.466,6.749,17
9,3.327,50.175,-47.261,6.081,6.321,7.184,19
10,1.437,37.115,39.246,10.705,12.932,9.464,41
11,-10.27,75.984,122.907,5.383,5.216,5.647,15
12,-8.659,41.487,12.216,10.133,7.671,12.599,34
13,-29.55,50.947,5.635,7.911,6.457,9.737,18
14,8.703,47.203,31.683,9.196,12.503,10.568,44
15,-0.973,54.908,27.971,5.448,5.188,5.583,17
16,-4.824,78.689,89.918,6.181,6.19,6.242,24
17,-7.345,45.567,-34.014,10.483,8.334,8.462,22
18,-9.28,95.988,124.968,6.009,6.803,8.663,15
19,-21.049,72.716,94.46,7.687,8.665,8.148,20
20,19.012,79.912,100.778,7.886,6.546,9.816,19
21,-8.529,77.204,34.418,8.957,6.228,9.573,22
22,-26.7,39.554,-10.013,10.943,7.415,6.274,22
23,-20.414,80.248,114.89,9.963,7.146,11.046,27
24,15.584,90.105,99.591,7.842,10.237,8.325,20
25,-12.245,72.268,-35.521,17.344,11.22,10.348,39
26,-16.204,71.759,46.963,7.156,5.906,8.028,18
27,-15.077,80.491,41.533,7.064,8.58,11.098,18
28,-19.878,83.907,126.263,9.236,12.47,10.62,44
29,-1.539,34.86,30.043,6.057,6.929,8.621,15
30,-17.777,61.083,3.407,5.347,10.188,7.692,16
31,-12.735,37.278,43.118,8.308,11.043,10.281,36
32,-25.987,40.687,4.501,7.954,10.177,8.38,21
33,-1.621,89.337,107.436,9.624,8.051,12.73,33
34,16.242,91.401,85.139,11.129,7.31,6.246,21
35,6.135,45.948,26.121,8.8,7.466,8.972,29
36,7.704,82.212,60.054,8.674,10.939,6.366,17
37,2.083,59.074,59.638,17.364,11.804,11.173,41
38,7.157,69.662,98.505,5.332,10.032,7.637,15
39,-11.216,31.131,2.004,7.552,8.218,13.217,30
40,1.24,93.266,138.461,8.226,10.928,10.306,36
41,0.734,99.818,97.19,7.562,8.236,13.441,31
42,8.321,75.568,65.373,11.228,19.578,14.458,73
43,-2.587,85.618,61.149,12.492,7.96,9.875,26
44,8.511,69.977,78.62,7.214,10.638,9.546,24
45,-19.055,60.617,-16.553,7.266,8.228,9.716,24
46,-14.685,80.967,48.113,8.105,6.206,7.128,26
47,-10.245,94.507,112.122,10.473,11.949,6.361,33
48,10.437,58.285,-0.737,7.533,8.601,8.529,22
49,-12.726,93.752,134.04,10.859,13.348,9.695,44
50,-7.581,33.161,-12.954,6.049,7.964,5.42,15
51,6.205,59.107,31.205,7.234,7.468,5.957,15
52,-7.731,58.358,15.059,10.089,13.812,8.652,57
53,-11.519,76.684,71.146,12.237,7.82,10.805,35
54,-0.353,36.509,17.088,9.576,11.938,6.597,33
55,-9.019,37.366,19.305,6.981,7.789,9.659,21
56,-3.419,73.047,110.343,10.219,12.11,7.981,40
57,-17.133,85.712,120.016,8.684,10.785,11.516,34
58,-17.665,71.945,125.937,7.27,7.356,5.94,15
59,0.63,48.32,2.735,10.769,8.248,13.873,35
60,-11.233,82.616,97.742,10.772,8.318,14.037,36
61,4.225,53.857,9.547,13.339,14.018,10.921,46
62,1.92,60.036,79.23,8.077,10.991,9.125,31
63,9.592,50.845,20.329,10.259,7.144,11.001,27
64,-8.129,52.778,-12.9,18.493,21.268,17.642,100
65,-2.929,97.8,82.186,6.113,7.963,5.42,15
66,-14.849,77.04,104.412,13.419,13.929,10.859,49
67,-18.778,54.207,-30.808,11.113,21.49,15.125,87
68,-12.125,70.603,-15.673,10.823,12.108,8.992,39
69,3.249,79.2,105.104,19.406,14.742,20.637,140
70,-17.335,60.421,36.837,11.414,7.435,10.937,25
71,-3.643,67.246,17.716,9.33,9.943,10.854,27
72,0.644,54.242,-23.919,12.089,8.994,11.766,36
73,-13.277,51.859,10.099,12.647,14.892,20.353,138
74,-1.705,93.374,114.786,6.391,7.898,9.908,20
75,5.354,70.181,132.464,11.315,7.545,10.818,27
76,-2.455,78.267,82.126,18.532,21.041,17.638,99
